{
    "id": "hls_burn_scars_dataset",
    "name": "HLS_Burn_Scars",
    "description": "This dataset contains Harmonized Landsat and Sentinel-2 imagery of burn scars and the associated masks for the years 2018-2021 over the contiguous United States. There are 804 512x512 scenes. Its primary purpose is for training geospatial machine learning models. Each TIFF file contains a 512x512 pixel scene with six bands (Blue, Green, Red, NIR, SW1, SW2) converted to reflectance, and masks have one band with values: 1=Burn scar, 0=Not burned, -1=Missing data.",
    "license": "https://creativecommons.org/licenses/by/4.0/",
    "tasks": [
        {
            "id": "task_0",
            "type": "AI_EOTask",
            "description": "Semantic segmentation of burn scars in satellite imagery using HLS data.",
            "taskType": "segmentation"
        }
    ],
    "data": [
        {
            "type": "AI_EOTrainingData",
            "id": "data_0",
            "labels": [
                {
                    "type": "AI_SceneLabel",
                    "isNegative": false,
                    "confidence": 1.0,
                    "class": "burn_scar_segmentation"
                },
                {
                    "type": "AI_PixelLabel",
                    "isNegative": false,
                    "confidence": 1.0,
                    "imageURL": [
                        "https://huggingface.co/datasets/harshinde/hls_burn_scars/resolve/main/training/subsetted_512x512_HLS.S30.T10SDH.2020248.v1.4.mask.tif"
                    ],
                    "imageFormat": [
                        "image/tiff"
                    ]
                }
            ],
            "dataURL": [
                "https://huggingface.co/datasets/harshinde/hls_burn_scars/resolve/main/training/subsetted_512x512_HLS.S30.T10SDH.2020248.v1.4_merged.tif"
            ]
        },
        {
            "type": "AI_EOTrainingData",
            "id": "data_1",
            "labels": [
                {
                    "type": "AI_SceneLabel",
                    "isNegative": false,
                    "confidence": 1.0,
                    "class": "burn_scar_segmentation"
                },
                {
                    "type": "AI_PixelLabel",
                    "isNegative": false,
                    "confidence": 1.0,
                    "imageURL": [
                        "https://huggingface.co/datasets/harshinde/hls_burn_scars/resolve/main/training/subsetted_512x512_HLS.S30.T10SEH.2018245.v1.4.mask.tif"
                    ],
                    "imageFormat": [
                        "image/tiff"
                    ]
                }
            ],
            "dataURL": [
                "https://huggingface.co/datasets/harshinde/hls_burn_scars/resolve/main/training/subsetted_512x512_HLS.S30.T10SEH.2018245.v1.4_merged.tif"
            ]
        },
        {
            "type": "AI_EOTrainingData",
            "id": "data_2",
            "labels": [
                {
                    "type": "AI_SceneLabel",
                    "isNegative": false,
                    "confidence": 1.0,
                    "class": "burn_scar_segmentation"
                },
                {
                    "type": "AI_PixelLabel",
                    "isNegative": false,
                    "confidence": 1.0,
                    "imageURL": [
                        "https://huggingface.co/datasets/harshinde/hls_burn_scars/resolve/main/training/subsetted_512x512_HLS.S30.T10SEH.2018280.v1.4.mask.tif"
                    ],
                    "imageFormat": [
                        "image/tiff"
                    ]
                }
            ],
            "dataURL": [
                "https://huggingface.co/datasets/harshinde/hls_burn_scars/resolve/main/training/subsetted_512x512_HLS.S30.T10SEH.2018280.v1.4_merged.tif"
            ]
        },
        {
            "type": "AI_EOTrainingData",
            "id": "data_3",
            "labels": [
                {
                    "type": "AI_SceneLabel",
                    "isNegative": false,
                    "confidence": 1.0,
                    "class": "burn_scar_segmentation"
                },
                {
                    "type": "AI_PixelLabel",
                    "isNegative": false,
                    "confidence": 1.0,
                    "imageURL": [
                        "https://huggingface.co/datasets/harshinde/hls_burn_scars/resolve/main/training/subsetted_512x512_HLS.S30.T10SEH.2019305.v1.4.mask.tif"
                    ],
                    "imageFormat": [
                        "image/tiff"
                    ]
                }
            ],
            "dataURL": [
                "https://huggingface.co/datasets/harshinde/hls_burn_scars/resolve/main/training/subsetted_512x512_HLS.S30.T10SEH.2019305.v1.4_merged.tif"
            ]
        },
        {
            "type": "AI_EOTrainingData",
            "id": "data_4",
            "labels": [
                {
                    "type": "AI_SceneLabel",
                    "isNegative": false,
                    "confidence": 1.0,
                    "class": "burn_scar_segmentation"
                },
                {
                    "type": "AI_PixelLabel",
                    "isNegative": false,
                    "confidence": 1.0,
                    "imageURL": [
                        "https://huggingface.co/datasets/harshinde/hls_burn_scars/resolve/main/training/subsetted_512x512_HLS.S30.T10SEH.2020190.v1.4.mask.tif"
                    ],
                    "imageFormat": [
                        "image/tiff"
                    ]
                }
            ],
            "dataURL": [
                "https://huggingface.co/datasets/harshinde/hls_burn_scars/resolve/main/training/subsetted_512x512_HLS.S30.T10SEH.2020190.v1.4_merged.tif"
            ]
        },
        {
            "type": "AI_EOTrainingData",
            "id": "data_5",
            "labels": [
                {
                    "type": "AI_SceneLabel",
                    "isNegative": false,
                    "confidence": 1.0,
                    "class": "burn_scar_segmentation"
                },
                {
                    "type": "AI_PixelLabel",
                    "isNegative": false,
                    "confidence": 1.0,
                    "imageURL": [
                        "https://huggingface.co/datasets/harshinde/hls_burn_scars/resolve/main/training/subsetted_512x512_HLS.S30.T10SEH.2020285.v1.4.mask.tif"
                    ],
                    "imageFormat": [
                        "image/tiff"
                    ]
                }
            ],
            "dataURL": [
                "https://huggingface.co/datasets/harshinde/hls_burn_scars/resolve/main/training/subsetted_512x512_HLS.S30.T10SEH.2020285.v1.4_merged.tif"
            ]
        },
        {
            "type": "AI_EOTrainingData",
            "id": "data_6",
            "labels": [
                {
                    "type": "AI_SceneLabel",
                    "isNegative": false,
                    "confidence": 1.0,
                    "class": "burn_scar_segmentation"
                },
                {
                    "type": "AI_PixelLabel",
                    "isNegative": false,
                    "confidence": 1.0,
                    "imageURL": [
                        "https://huggingface.co/datasets/harshinde/hls_burn_scars/resolve/main/training/subsetted_512x512_HLS.S30.T10SEJ.2018185.v1.4.mask.tif"
                    ],
                    "imageFormat": [
                        "image/tiff"
                    ]
                }
            ],
            "dataURL": [
                "https://huggingface.co/datasets/harshinde/hls_burn_scars/resolve/main/training/subsetted_512x512_HLS.S30.T10SEJ.2018185.v1.4_merged.tif"
            ]
        },
        {
            "type": "AI_EOTrainingData",
            "id": "data_7",
            "labels": [
                {
                    "type": "AI_SceneLabel",
                    "isNegative": false,
                    "confidence": 1.0,
                    "class": "burn_scar_segmentation"
                },
                {
                    "type": "AI_PixelLabel",
                    "isNegative": false,
                    "confidence": 1.0,
                    "imageURL": [
                        "https://huggingface.co/datasets/harshinde/hls_burn_scars/resolve/main/training/subsetted_512x512_HLS.S30.T10SEJ.2018220.v1.4.mask.tif"
                    ],
                    "imageFormat": [
                        "image/tiff"
                    ]
                }
            ],
            "dataURL": [
                "https://huggingface.co/datasets/harshinde/hls_burn_scars/resolve/main/training/subsetted_512x512_HLS.S30.T10SEJ.2018220.v1.4_merged.tif"
            ]
        },
        {
            "type": "AI_EOTrainingData",
            "id": "data_8",
            "labels": [
                {
                    "type": "AI_SceneLabel",
                    "isNegative": false,
                    "confidence": 1.0,
                    "class": "burn_scar_segmentation"
                },
                {
                    "type": "AI_PixelLabel",
                    "isNegative": false,
                    "confidence": 1.0,
                    "imageURL": [
                        "https://huggingface.co/datasets/harshinde/hls_burn_scars/resolve/main/training/subsetted_512x512_HLS.S30.T10SEJ.2019185.v1.4.mask.tif"
                    ],
                    "imageFormat": [
                        "image/tiff"
                    ]
                }
            ],
            "dataURL": [
                "https://huggingface.co/datasets/harshinde/hls_burn_scars/resolve/main/training/subsetted_512x512_HLS.S30.T10SEJ.2019185.v1.4_merged.tif"
            ]
        },
        {
            "type": "AI_EOTrainingData",
            "id": "data_9",
            "labels": [
                {
                    "type": "AI_SceneLabel",
                    "isNegative": false,
                    "confidence": 1.0,
                    "class": "burn_scar_segmentation"
                },
                {
                    "type": "AI_PixelLabel",
                    "isNegative": false,
                    "confidence": 1.0,
                    "imageURL": [
                        "https://huggingface.co/datasets/harshinde/hls_burn_scars/resolve/main/training/subsetted_512x512_HLS.S30.T10SFE.2020267.v1.4.mask.tif"
                    ],
                    "imageFormat": [
                        "image/tiff"
                    ]
                }
            ],
            "dataURL": [
                "https://huggingface.co/datasets/harshinde/hls_burn_scars/resolve/main/training/subsetted_512x512_HLS.S30.T10SFE.2020267.v1.4_merged.tif"
            ]
        },
        {
            "type": "AI_EOTrainingData",
            "id": "data_10",
            "labels": [
                {
                    "type": "AI_SceneLabel",
                    "isNegative": false,
                    "confidence": 1.0,
                    "class": "burn_scar_segmentation"
                },
                {
                    "type": "AI_PixelLabel",
                    "isNegative": false,
                    "confidence": 1.0,
                    "imageURL": [
                        "https://huggingface.co/datasets/harshinde/hls_burn_scars/resolve/main/training/subsetted_512x512_HLS.S30.T10SFF.2018155.v1.4.mask.tif"
                    ],
                    "imageFormat": [
                        "image/tiff"
                    ]
                }
            ],
            "dataURL": [
                "https://huggingface.co/datasets/harshinde/hls_burn_scars/resolve/main/training/subsetted_512x512_HLS.S30.T10SFF.2018155.v1.4_merged.tif"
            ]
        },
        {
            "type": "AI_EOTrainingData",
            "id": "data_11",
            "labels": [
                {
                    "type": "AI_SceneLabel",
                    "isNegative": false,
                    "confidence": 1.0,
                    "class": "burn_scar_segmentation"
                },
                {
                    "type": "AI_PixelLabel",
                    "isNegative": false,
                    "confidence": 1.0,
                    "imageURL": [
                        "https://huggingface.co/datasets/harshinde/hls_burn_scars/resolve/main/training/subsetted_512x512_HLS.S30.T10SFF.2018190.v1.4.mask.tif"
                    ],
                    "imageFormat": [
                        "image/tiff"
                    ]
                }
            ],
            "dataURL": [
                "https://huggingface.co/datasets/harshinde/hls_burn_scars/resolve/main/training/subsetted_512x512_HLS.S30.T10SFF.2018190.v1.4_merged.tif"
            ]
        },
        {
            "type": "AI_EOTrainingData",
            "id": "data_12",
            "labels": [
                {
                    "type": "AI_SceneLabel",
                    "isNegative": false,
                    "confidence": 1.0,
                    "class": "burn_scar_segmentation"
                },
                {
                    "type": "AI_PixelLabel",
                    "isNegative": false,
                    "confidence": 1.0,
                    "imageURL": [
                        "https://huggingface.co/datasets/harshinde/hls_burn_scars/resolve/main/training/subsetted_512x512_HLS.S30.T10SFF.2020250.v1.4.mask.tif"
                    ],
                    "imageFormat": [
                        "image/tiff"
                    ]
                }
            ],
            "dataURL": [
                "https://huggingface.co/datasets/harshinde/hls_burn_scars/resolve/main/training/subsetted_512x512_HLS.S30.T10SFF.2020250.v1.4_merged.tif"
            ]
        },
        {
            "type": "AI_EOTrainingData",
            "id": "data_13",
            "labels": [
                {
                    "type": "AI_SceneLabel",
                    "isNegative": false,
                    "confidence": 1.0,
                    "class": "burn_scar_segmentation"
                },
                {
                    "type": "AI_PixelLabel",
                    "isNegative": false,
                    "confidence": 1.0,
                    "imageURL": [
                        "https://huggingface.co/datasets/harshinde/hls_burn_scars/resolve/main/training/subsetted_512x512_HLS.S30.T10SFF.2021189.v1.4.mask.tif"
                    ],
                    "imageFormat": [
                        "image/tiff"
                    ]
                }
            ],
            "dataURL": [
                "https://huggingface.co/datasets/harshinde/hls_burn_scars/resolve/main/training/subsetted_512x512_HLS.S30.T10SFF.2021189.v1.4_merged.tif"
            ]
        },
        {
            "type": "AI_EOTrainingData",
            "id": "data_14",
            "labels": [
                {
                    "type": "AI_SceneLabel",
                    "isNegative": false,
                    "confidence": 1.0,
                    "class": "burn_scar_segmentation"
                },
                {
                    "type": "AI_PixelLabel",
                    "isNegative": false,
                    "confidence": 1.0,
                    "imageURL": [
                        "https://huggingface.co/datasets/harshinde/hls_burn_scars/resolve/main/training/subsetted_512x512_HLS.S30.T10SFH.2018185.v1.4.mask.tif"
                    ],
                    "imageFormat": [
                        "image/tiff"
                    ]
                }
            ],
            "dataURL": [
                "https://huggingface.co/datasets/harshinde/hls_burn_scars/resolve/main/training/subsetted_512x512_HLS.S30.T10SFH.2018185.v1.4_merged.tif"
            ]
        },
        {
            "type": "AI_EOTrainingData",
            "id": "data_15",
            "labels": [
                {
                    "type": "AI_SceneLabel",
                    "isNegative": false,
                    "confidence": 1.0,
                    "class": "burn_scar_segmentation"
                },
                {
                    "type": "AI_PixelLabel",
                    "isNegative": false,
                    "confidence": 1.0,
                    "imageURL": [
                        "https://huggingface.co/datasets/harshinde/hls_burn_scars/resolve/main/training/subsetted_512x512_HLS.S30.T10SFH.2020185.v1.4.mask.tif"
                    ],
                    "imageFormat": [
                        "image/tiff"
                    ]
                }
            ],
            "dataURL": [
                "https://huggingface.co/datasets/harshinde/hls_burn_scars/resolve/main/training/subsetted_512x512_HLS.S30.T10SFH.2020185.v1.4_merged.tif"
            ]
        },
        {
            "type": "AI_EOTrainingData",
            "id": "data_16",
            "labels": [
                {
                    "type": "AI_SceneLabel",
                    "isNegative": false,
                    "confidence": 1.0,
                    "class": "burn_scar_segmentation"
                },
                {
                    "type": "AI_PixelLabel",
                    "isNegative": false,
                    "confidence": 1.0,
                    "imageURL": [
                        "https://huggingface.co/datasets/harshinde/hls_burn_scars/resolve/main/training/subsetted_512x512_HLS.S30.T10SFH.2020245.v1.4.mask.tif"
                    ],
                    "imageFormat": [
                        "image/tiff"
                    ]
                }
            ],
            "dataURL": [
                "https://huggingface.co/datasets/harshinde/hls_burn_scars/resolve/main/training/subsetted_512x512_HLS.S30.T10SFH.2020245.v1.4_merged.tif"
            ]
        },
        {
            "type": "AI_EOTrainingData",
            "id": "data_17",
            "labels": [
                {
                    "type": "AI_SceneLabel",
                    "isNegative": false,
                    "confidence": 1.0,
                    "class": "burn_scar_segmentation"
                },
                {
                    "type": "AI_PixelLabel",
                    "isNegative": false,
                    "confidence": 1.0,
                    "imageURL": [
                        "https://huggingface.co/datasets/harshinde/hls_burn_scars/resolve/main/training/subsetted_512x512_HLS.S30.T10SGD.2021306.v1.4.mask.tif"
                    ],
                    "imageFormat": [
                        "image/tiff"
                    ]
                }
            ],
            "dataURL": [
                "https://huggingface.co/datasets/harshinde/hls_burn_scars/resolve/main/training/subsetted_512x512_HLS.S30.T10SGD.2021306.v1.4_merged.tif"
            ]
        },
        {
            "type": "AI_EOTrainingData",
            "id": "data_18",
            "labels": [
                {
                    "type": "AI_SceneLabel",
                    "isNegative": false,
                    "confidence": 1.0,
                    "class": "burn_scar_segmentation"
                },
                {
                    "type": "AI_PixelLabel",
                    "isNegative": false,
                    "confidence": 1.0,
                    "imageURL": [
                        "https://huggingface.co/datasets/harshinde/hls_burn_scars/resolve/main/training/subsetted_512x512_HLS.S30.T10SGE.2018247.v1.4.mask.tif"
                    ],
                    "imageFormat": [
                        "image/tiff"
                    ]
                }
            ],
            "dataURL": [
                "https://huggingface.co/datasets/harshinde/hls_burn_scars/resolve/main/training/subsetted_512x512_HLS.S30.T10SGE.2018247.v1.4_merged.tif"
            ]
        },
        {
            "type": "AI_EOTrainingData",
            "id": "data_19",
            "labels": [
                {
                    "type": "AI_SceneLabel",
                    "isNegative": false,
                    "confidence": 1.0,
                    "class": "burn_scar_segmentation"
                },
                {
                    "type": "AI_PixelLabel",
                    "isNegative": false,
                    "confidence": 1.0,
                    "imageURL": [
                        "https://huggingface.co/datasets/harshinde/hls_burn_scars/resolve/main/training/subsetted_512x512_HLS.S30.T10SGE.2019187.v1.4.mask.tif"
                    ],
                    "imageFormat": [
                        "image/tiff"
                    ]
                }
            ],
            "dataURL": [
                "https://huggingface.co/datasets/harshinde/hls_burn_scars/resolve/main/training/subsetted_512x512_HLS.S30.T10SGE.2019187.v1.4_merged.tif"
            ]
        },
        {
            "type": "AI_EOTrainingData",
            "id": "data_20",
            "labels": [
                {
                    "type": "AI_SceneLabel",
                    "isNegative": false,
                    "confidence": 1.0,
                    "class": "burn_scar_segmentation"
                },
                {
                    "type": "AI_PixelLabel",
                    "isNegative": false,
                    "confidence": 1.0,
                    "imageURL": [
                        "https://huggingface.co/datasets/harshinde/hls_burn_scars/resolve/main/training/subsetted_512x512_HLS.S30.T10SGE.2020162.v1.4.mask.tif"
                    ],
                    "imageFormat": [
                        "image/tiff"
                    ]
                }
            ],
            "dataURL": [
                "https://huggingface.co/datasets/harshinde/hls_burn_scars/resolve/main/training/subsetted_512x512_HLS.S30.T10SGE.2020162.v1.4_merged.tif"
            ]
        },
        {
            "type": "AI_EOTrainingData",
            "id": "data_21",
            "labels": [
                {
                    "type": "AI_SceneLabel",
                    "isNegative": false,
                    "confidence": 1.0,
                    "class": "burn_scar_segmentation"
                },
                {
                    "type": "AI_PixelLabel",
                    "isNegative": false,
                    "confidence": 1.0,
                    "imageURL": [
                        "https://huggingface.co/datasets/harshinde/hls_burn_scars/resolve/main/training/subsetted_512x512_HLS.S30.T10SGE.2020187.v1.4.mask.tif"
                    ],
                    "imageFormat": [
                        "image/tiff"
                    ]
                }
            ],
            "dataURL": [
                "https://huggingface.co/datasets/harshinde/hls_burn_scars/resolve/main/training/subsetted_512x512_HLS.S30.T10SGE.2020187.v1.4_merged.tif"
            ]
        },
        {
            "type": "AI_EOTrainingData",
            "id": "data_22",
            "labels": [
                {
                    "type": "AI_SceneLabel",
                    "isNegative": false,
                    "confidence": 1.0,
                    "class": "burn_scar_segmentation"
                },
                {
                    "type": "AI_PixelLabel",
                    "isNegative": false,
                    "confidence": 1.0,
                    "imageURL": [
                        "https://huggingface.co/datasets/harshinde/hls_burn_scars/resolve/main/training/subsetted_512x512_HLS.S30.T10SGE.2020217.v1.4.mask.tif"
                    ],
                    "imageFormat": [
                        "image/tiff"
                    ]
                }
            ],
            "dataURL": [
                "https://huggingface.co/datasets/harshinde/hls_burn_scars/resolve/main/training/subsetted_512x512_HLS.S30.T10SGE.2020217.v1.4_merged.tif"
            ]
        },
        {
            "type": "AI_EOTrainingData",
            "id": "data_23",
            "labels": [
                {
                    "type": "AI_SceneLabel",
                    "isNegative": false,
                    "confidence": 1.0,
                    "class": "burn_scar_segmentation"
                },
                {
                    "type": "AI_PixelLabel",
                    "isNegative": false,
                    "confidence": 1.0,
                    "imageURL": [
                        "https://huggingface.co/datasets/harshinde/hls_burn_scars/resolve/main/training/subsetted_512x512_HLS.S30.T10SGE.2020247.v1.4.mask.tif"
                    ],
                    "imageFormat": [
                        "image/tiff"
                    ]
                }
            ],
            "dataURL": [
                "https://huggingface.co/datasets/harshinde/hls_burn_scars/resolve/main/training/subsetted_512x512_HLS.S30.T10SGE.2020247.v1.4_merged.tif"
            ]
        },
        {
            "type": "AI_EOTrainingData",
            "id": "data_24",
            "labels": [
                {
                    "type": "AI_SceneLabel",
                    "isNegative": false,
                    "confidence": 1.0,
                    "class": "burn_scar_segmentation"
                },
                {
                    "type": "AI_PixelLabel",
                    "isNegative": false,
                    "confidence": 1.0,
                    "imageURL": [
                        "https://huggingface.co/datasets/harshinde/hls_burn_scars/resolve/main/training/subsetted_512x512_HLS.S30.T10SGG.2019307.v1.4.mask.tif"
                    ],
                    "imageFormat": [
                        "image/tiff"
                    ]
                }
            ],
            "dataURL": [
                "https://huggingface.co/datasets/harshinde/hls_burn_scars/resolve/main/training/subsetted_512x512_HLS.S30.T10SGG.2019307.v1.4_merged.tif"
            ]
        },
        {
            "type": "AI_EOTrainingData",
            "id": "data_25",
            "labels": [
                {
                    "type": "AI_SceneLabel",
                    "isNegative": false,
                    "confidence": 1.0,
                    "class": "burn_scar_segmentation"
                },
                {
                    "type": "AI_PixelLabel",
                    "isNegative": false,
                    "confidence": 1.0,
                    "imageURL": [
                        "https://huggingface.co/datasets/harshinde/hls_burn_scars/resolve/main/training/subsetted_512x512_HLS.S30.T10TDN.2019213.v1.4.mask.tif"
                    ],
                    "imageFormat": [
                        "image/tiff"
                    ]
                }
            ],
            "dataURL": [
                "https://huggingface.co/datasets/harshinde/hls_burn_scars/resolve/main/training/subsetted_512x512_HLS.S30.T10TDN.2019213.v1.4_merged.tif"
            ]
        },
        {
            "type": "AI_EOTrainingData",
            "id": "data_26",
            "labels": [
                {
                    "type": "AI_SceneLabel",
                    "isNegative": false,
                    "confidence": 1.0,
                    "class": "burn_scar_segmentation"
                },
                {
                    "type": "AI_PixelLabel",
                    "isNegative": false,
                    "confidence": 1.0,
                    "imageURL": [
                        "https://huggingface.co/datasets/harshinde/hls_burn_scars/resolve/main/training/subsetted_512x512_HLS.S30.T10TEK.2018183.v1.4.mask.tif"
                    ],
                    "imageFormat": [
                        "image/tiff"
                    ]
                }
            ],
            "dataURL": [
                "https://huggingface.co/datasets/harshinde/hls_burn_scars/resolve/main/training/subsetted_512x512_HLS.S30.T10TEK.2018183.v1.4_merged.tif"
            ]
        },
        {
            "type": "AI_EOTrainingData",
            "id": "data_27",
            "labels": [
                {
                    "type": "AI_SceneLabel",
                    "isNegative": false,
                    "confidence": 1.0,
                    "class": "burn_scar_segmentation"
                },
                {
                    "type": "AI_PixelLabel",
                    "isNegative": false,
                    "confidence": 1.0,
                    "imageURL": [
                        "https://huggingface.co/datasets/harshinde/hls_burn_scars/resolve/main/training/subsetted_512x512_HLS.S30.T10TEK.2018340.v1.4.mask.tif"
                    ],
                    "imageFormat": [
                        "image/tiff"
                    ]
                }
            ],
            "dataURL": [
                "https://huggingface.co/datasets/harshinde/hls_burn_scars/resolve/main/training/subsetted_512x512_HLS.S30.T10TEK.2018340.v1.4_merged.tif"
            ]
        },
        {
            "type": "AI_EOTrainingData",
            "id": "data_28",
            "labels": [
                {
                    "type": "AI_SceneLabel",
                    "isNegative": false,
                    "confidence": 1.0,
                    "class": "burn_scar_segmentation"
                },
                {
                    "type": "AI_PixelLabel",
                    "isNegative": false,
                    "confidence": 1.0,
                    "imageURL": [
                        "https://huggingface.co/datasets/harshinde/hls_burn_scars/resolve/main/training/subsetted_512x512_HLS.S30.T10TEK.2019275.v1.4.mask.tif"
                    ],
                    "imageFormat": [
                        "image/tiff"
                    ]
                }
            ],
            "dataURL": [
                "https://huggingface.co/datasets/harshinde/hls_burn_scars/resolve/main/training/subsetted_512x512_HLS.S30.T10TEK.2019275.v1.4_merged.tif"
            ]
        },
        {
            "type": "AI_EOTrainingData",
            "id": "data_29",
            "labels": [
                {
                    "type": "AI_SceneLabel",
                    "isNegative": false,
                    "confidence": 1.0,
                    "class": "burn_scar_segmentation"
                },
                {
                    "type": "AI_PixelLabel",
                    "isNegative": false,
                    "confidence": 1.0,
                    "imageURL": [
                        "https://huggingface.co/datasets/harshinde/hls_burn_scars/resolve/main/training/subsetted_512x512_HLS.S30.T10TEK.2019350.v1.4.mask.tif"
                    ],
                    "imageFormat": [
                        "image/tiff"
                    ]
                }
            ],
            "dataURL": [
                "https://huggingface.co/datasets/harshinde/hls_burn_scars/resolve/main/training/subsetted_512x512_HLS.S30.T10TEK.2019350.v1.4_merged.tif"
            ]
        },
        {
            "type": "AI_EOTrainingData",
            "id": "data_30",
            "labels": [
                {
                    "type": "AI_SceneLabel",
                    "isNegative": false,
                    "confidence": 1.0,
                    "class": "burn_scar_segmentation"
                },
                {
                    "type": "AI_PixelLabel",
                    "isNegative": false,
                    "confidence": 1.0,
                    "imageURL": [
                        "https://huggingface.co/datasets/harshinde/hls_burn_scars/resolve/main/training/subsetted_512x512_HLS.S30.T10TEK.2020275.v1.4.mask.tif"
                    ],
                    "imageFormat": [
                        "image/tiff"
                    ]
                }
            ],
            "dataURL": [
                "https://huggingface.co/datasets/harshinde/hls_burn_scars/resolve/main/training/subsetted_512x512_HLS.S30.T10TEK.2020275.v1.4_merged.tif"
            ]
        },
        {
            "type": "AI_EOTrainingData",
            "id": "data_31",
            "labels": [
                {
                    "type": "AI_SceneLabel",
                    "isNegative": false,
                    "confidence": 1.0,
                    "class": "burn_scar_segmentation"
                },
                {
                    "type": "AI_PixelLabel",
                    "isNegative": false,
                    "confidence": 1.0,
                    "imageURL": [
                        "https://huggingface.co/datasets/harshinde/hls_burn_scars/resolve/main/training/subsetted_512x512_HLS.S30.T10TEM.2018213.v1.4.mask.tif"
                    ],
                    "imageFormat": [
                        "image/tiff"
                    ]
                }
            ],
            "dataURL": [
                "https://huggingface.co/datasets/harshinde/hls_burn_scars/resolve/main/training/subsetted_512x512_HLS.S30.T10TEM.2018213.v1.4_merged.tif"
            ]
        },
        {
            "type": "AI_EOTrainingData",
            "id": "data_32",
            "labels": [
                {
                    "type": "AI_SceneLabel",
                    "isNegative": false,
                    "confidence": 1.0,
                    "class": "burn_scar_segmentation"
                },
                {
                    "type": "AI_PixelLabel",
                    "isNegative": false,
                    "confidence": 1.0,
                    "imageURL": [
                        "https://huggingface.co/datasets/harshinde/hls_burn_scars/resolve/main/training/subsetted_512x512_HLS.S30.T10TEN.2019168.v1.4.mask.tif"
                    ],
                    "imageFormat": [
                        "image/tiff"
                    ]
                }
            ],
            "dataURL": [
                "https://huggingface.co/datasets/harshinde/hls_burn_scars/resolve/main/training/subsetted_512x512_HLS.S30.T10TEN.2019168.v1.4_merged.tif"
            ]
        },
        {
            "type": "AI_EOTrainingData",
            "id": "data_33",
            "labels": [
                {
                    "type": "AI_SceneLabel",
                    "isNegative": false,
                    "confidence": 1.0,
                    "class": "burn_scar_segmentation"
                },
                {
                    "type": "AI_PixelLabel",
                    "isNegative": false,
                    "confidence": 1.0,
                    "imageURL": [
                        "https://huggingface.co/datasets/harshinde/hls_burn_scars/resolve/main/training/subsetted_512x512_HLS.S30.T10TFK.2020220.v1.4.mask.tif"
                    ],
                    "imageFormat": [
                        "image/tiff"
                    ]
                }
            ],
            "dataURL": [
                "https://huggingface.co/datasets/harshinde/hls_burn_scars/resolve/main/training/subsetted_512x512_HLS.S30.T10TFK.2020220.v1.4_merged.tif"
            ]
        },
        {
            "type": "AI_EOTrainingData",
            "id": "data_34",
            "labels": [
                {
                    "type": "AI_SceneLabel",
                    "isNegative": false,
                    "confidence": 1.0,
                    "class": "burn_scar_segmentation"
                },
                {
                    "type": "AI_PixelLabel",
                    "isNegative": false,
                    "confidence": 1.0,
                    "imageURL": [
                        "https://huggingface.co/datasets/harshinde/hls_burn_scars/resolve/main/training/subsetted_512x512_HLS.S30.T10TFL.2018245.v1.4.mask.tif"
                    ],
                    "imageFormat": [
                        "image/tiff"
                    ]
                }
            ],
            "dataURL": [
                "https://huggingface.co/datasets/harshinde/hls_burn_scars/resolve/main/training/subsetted_512x512_HLS.S30.T10TFL.2018245.v1.4_merged.tif"
            ]
        },
        {
            "type": "AI_EOTrainingData",
            "id": "data_35",
            "labels": [
                {
                    "type": "AI_SceneLabel",
                    "isNegative": false,
                    "confidence": 1.0,
                    "class": "burn_scar_segmentation"
                },
                {
                    "type": "AI_PixelLabel",
                    "isNegative": false,
                    "confidence": 1.0,
                    "imageURL": [
                        "https://huggingface.co/datasets/harshinde/hls_burn_scars/resolve/main/training/subsetted_512x512_HLS.S30.T10TFL.2020215.v1.4.mask.tif"
                    ],
                    "imageFormat": [
                        "image/tiff"
                    ]
                }
            ],
            "dataURL": [
                "https://huggingface.co/datasets/harshinde/hls_burn_scars/resolve/main/training/subsetted_512x512_HLS.S30.T10TFL.2020215.v1.4_merged.tif"
            ]
        },
        {
            "type": "AI_EOTrainingData",
            "id": "data_36",
            "labels": [
                {
                    "type": "AI_SceneLabel",
                    "isNegative": false,
                    "confidence": 1.0,
                    "class": "burn_scar_segmentation"
                },
                {
                    "type": "AI_PixelLabel",
                    "isNegative": false,
                    "confidence": 1.0,
                    "imageURL": [
                        "https://huggingface.co/datasets/harshinde/hls_burn_scars/resolve/main/training/subsetted_512x512_HLS.S30.T10TFM.2018155.v1.4.mask.tif"
                    ],
                    "imageFormat": [
                        "image/tiff"
                    ]
                }
            ],
            "dataURL": [
                "https://huggingface.co/datasets/harshinde/hls_burn_scars/resolve/main/training/subsetted_512x512_HLS.S30.T10TFM.2018155.v1.4_merged.tif"
            ]
        },
        {
            "type": "AI_EOTrainingData",
            "id": "data_37",
            "labels": [
                {
                    "type": "AI_SceneLabel",
                    "isNegative": false,
                    "confidence": 1.0,
                    "class": "burn_scar_segmentation"
                },
                {
                    "type": "AI_PixelLabel",
                    "isNegative": false,
                    "confidence": 1.0,
                    "imageURL": [
                        "https://huggingface.co/datasets/harshinde/hls_burn_scars/resolve/main/training/subsetted_512x512_HLS.S30.T10TFM.2019280.v1.4.mask.tif"
                    ],
                    "imageFormat": [
                        "image/tiff"
                    ]
                }
            ],
            "dataURL": [
                "https://huggingface.co/datasets/harshinde/hls_burn_scars/resolve/main/training/subsetted_512x512_HLS.S30.T10TFM.2019280.v1.4_merged.tif"
            ]
        },
        {
            "type": "AI_EOTrainingData",
            "id": "data_38",
            "labels": [
                {
                    "type": "AI_SceneLabel",
                    "isNegative": false,
                    "confidence": 1.0,
                    "class": "burn_scar_segmentation"
                },
                {
                    "type": "AI_PixelLabel",
                    "isNegative": false,
                    "confidence": 1.0,
                    "imageURL": [
                        "https://huggingface.co/datasets/harshinde/hls_burn_scars/resolve/main/training/subsetted_512x512_HLS.S30.T10TFN.2018245.v1.4.mask.tif"
                    ],
                    "imageFormat": [
                        "image/tiff"
                    ]
                }
            ],
            "dataURL": [
                "https://huggingface.co/datasets/harshinde/hls_burn_scars/resolve/main/training/subsetted_512x512_HLS.S30.T10TFN.2018245.v1.4_merged.tif"
            ]
        },
        {
            "type": "AI_EOTrainingData",
            "id": "data_39",
            "labels": [
                {
                    "type": "AI_SceneLabel",
                    "isNegative": false,
                    "confidence": 1.0,
                    "class": "burn_scar_segmentation"
                },
                {
                    "type": "AI_PixelLabel",
                    "isNegative": false,
                    "confidence": 1.0,
                    "imageURL": [
                        "https://huggingface.co/datasets/harshinde/hls_burn_scars/resolve/main/training/subsetted_512x512_HLS.S30.T10TFN.2020235.v1.4.mask.tif"
                    ],
                    "imageFormat": [
                        "image/tiff"
                    ]
                }
            ],
            "dataURL": [
                "https://huggingface.co/datasets/harshinde/hls_burn_scars/resolve/main/training/subsetted_512x512_HLS.S30.T10TFN.2020235.v1.4_merged.tif"
            ]
        },
        {
            "type": "AI_EOTrainingData",
            "id": "data_40",
            "labels": [
                {
                    "type": "AI_SceneLabel",
                    "isNegative": false,
                    "confidence": 1.0,
                    "class": "burn_scar_segmentation"
                },
                {
                    "type": "AI_PixelLabel",
                    "isNegative": false,
                    "confidence": 1.0,
                    "imageURL": [
                        "https://huggingface.co/datasets/harshinde/hls_burn_scars/resolve/main/training/subsetted_512x512_HLS.S30.T10TFP.2018285.v1.4.mask.tif"
                    ],
                    "imageFormat": [
                        "image/tiff"
                    ]
                }
            ],
            "dataURL": [
                "https://huggingface.co/datasets/harshinde/hls_burn_scars/resolve/main/training/subsetted_512x512_HLS.S30.T10TFP.2018285.v1.4_merged.tif"
            ]
        },
        {
            "type": "AI_EOTrainingData",
            "id": "data_41",
            "labels": [
                {
                    "type": "AI_SceneLabel",
                    "isNegative": false,
                    "confidence": 1.0,
                    "class": "burn_scar_segmentation"
                },
                {
                    "type": "AI_PixelLabel",
                    "isNegative": false,
                    "confidence": 1.0,
                    "imageURL": [
                        "https://huggingface.co/datasets/harshinde/hls_burn_scars/resolve/main/training/subsetted_512x512_HLS.S30.T10TFP.2020248.v1.4.mask.tif"
                    ],
                    "imageFormat": [
                        "image/tiff"
                    ]
                }
            ],
            "dataURL": [
                "https://huggingface.co/datasets/harshinde/hls_burn_scars/resolve/main/training/subsetted_512x512_HLS.S30.T10TFP.2020248.v1.4_merged.tif"
            ]
        },
        {
            "type": "AI_EOTrainingData",
            "id": "data_42",
            "labels": [
                {
                    "type": "AI_SceneLabel",
                    "isNegative": false,
                    "confidence": 1.0,
                    "class": "burn_scar_segmentation"
                },
                {
                    "type": "AI_PixelLabel",
                    "isNegative": false,
                    "confidence": 1.0,
                    "imageURL": [
                        "https://huggingface.co/datasets/harshinde/hls_burn_scars/resolve/main/training/subsetted_512x512_HLS.S30.T10TFQ.2018173.v1.4.mask.tif"
                    ],
                    "imageFormat": [
                        "image/tiff"
                    ]
                }
            ],
            "dataURL": [
                "https://huggingface.co/datasets/harshinde/hls_burn_scars/resolve/main/training/subsetted_512x512_HLS.S30.T10TFQ.2018173.v1.4_merged.tif"
            ]
        },
        {
            "type": "AI_EOTrainingData",
            "id": "data_43",
            "labels": [
                {
                    "type": "AI_SceneLabel",
                    "isNegative": false,
                    "confidence": 1.0,
                    "class": "burn_scar_segmentation"
                },
                {
                    "type": "AI_PixelLabel",
                    "isNegative": false,
                    "confidence": 1.0,
                    "imageURL": [
                        "https://huggingface.co/datasets/harshinde/hls_burn_scars/resolve/main/training/subsetted_512x512_HLS.S30.T10TFQ.2018245.v1.4.mask.tif"
                    ],
                    "imageFormat": [
                        "image/tiff"
                    ]
                }
            ],
            "dataURL": [
                "https://huggingface.co/datasets/harshinde/hls_burn_scars/resolve/main/training/subsetted_512x512_HLS.S30.T10TFQ.2018245.v1.4_merged.tif"
            ]
        },
        {
            "type": "AI_EOTrainingData",
            "id": "data_44",
            "labels": [
                {
                    "type": "AI_SceneLabel",
                    "isNegative": false,
                    "confidence": 1.0,
                    "class": "burn_scar_segmentation"
                },
                {
                    "type": "AI_PixelLabel",
                    "isNegative": false,
                    "confidence": 1.0,
                    "imageURL": [
                        "https://huggingface.co/datasets/harshinde/hls_burn_scars/resolve/main/training/subsetted_512x512_HLS.S30.T10TFQ.2019245.v1.4.mask.tif"
                    ],
                    "imageFormat": [
                        "image/tiff"
                    ]
                }
            ],
            "dataURL": [
                "https://huggingface.co/datasets/harshinde/hls_burn_scars/resolve/main/training/subsetted_512x512_HLS.S30.T10TFQ.2019245.v1.4_merged.tif"
            ]
        },
        {
            "type": "AI_EOTrainingData",
            "id": "data_45",
            "labels": [
                {
                    "type": "AI_SceneLabel",
                    "isNegative": false,
                    "confidence": 1.0,
                    "class": "burn_scar_segmentation"
                },
                {
                    "type": "AI_PixelLabel",
                    "isNegative": false,
                    "confidence": 1.0,
                    "imageURL": [
                        "https://huggingface.co/datasets/harshinde/hls_burn_scars/resolve/main/training/subsetted_512x512_HLS.S30.T10TFR.2018213.v1.4.mask.tif"
                    ],
                    "imageFormat": [
                        "image/tiff"
                    ]
                }
            ],
            "dataURL": [
                "https://huggingface.co/datasets/harshinde/hls_burn_scars/resolve/main/training/subsetted_512x512_HLS.S30.T10TFR.2018213.v1.4_merged.tif"
            ]
        },
        {
            "type": "AI_EOTrainingData",
            "id": "data_46",
            "labels": [
                {
                    "type": "AI_SceneLabel",
                    "isNegative": false,
                    "confidence": 1.0,
                    "class": "burn_scar_segmentation"
                },
                {
                    "type": "AI_PixelLabel",
                    "isNegative": false,
                    "confidence": 1.0,
                    "imageURL": [
                        "https://huggingface.co/datasets/harshinde/hls_burn_scars/resolve/main/training/subsetted_512x512_HLS.S30.T10TFS.2018193.v1.4.mask.tif"
                    ],
                    "imageFormat": [
                        "image/tiff"
                    ]
                }
            ],
            "dataURL": [
                "https://huggingface.co/datasets/harshinde/hls_burn_scars/resolve/main/training/subsetted_512x512_HLS.S30.T10TFS.2018193.v1.4_merged.tif"
            ]
        },
        {
            "type": "AI_EOTrainingData",
            "id": "data_47",
            "labels": [
                {
                    "type": "AI_SceneLabel",
                    "isNegative": false,
                    "confidence": 1.0,
                    "class": "burn_scar_segmentation"
                },
                {
                    "type": "AI_PixelLabel",
                    "isNegative": false,
                    "confidence": 1.0,
                    "imageURL": [
                        "https://huggingface.co/datasets/harshinde/hls_burn_scars/resolve/main/training/subsetted_512x512_HLS.S30.T10TFS.2018213.v1.4.mask.tif"
                    ],
                    "imageFormat": [
                        "image/tiff"
                    ]
                }
            ],
            "dataURL": [
                "https://huggingface.co/datasets/harshinde/hls_burn_scars/resolve/main/training/subsetted_512x512_HLS.S30.T10TFS.2018213.v1.4_merged.tif"
            ]
        },
        {
            "type": "AI_EOTrainingData",
            "id": "data_48",
            "labels": [
                {
                    "type": "AI_SceneLabel",
                    "isNegative": false,
                    "confidence": 1.0,
                    "class": "burn_scar_segmentation"
                },
                {
                    "type": "AI_PixelLabel",
                    "isNegative": false,
                    "confidence": 1.0,
                    "imageURL": [
                        "https://huggingface.co/datasets/harshinde/hls_burn_scars/resolve/main/training/subsetted_512x512_HLS.S30.T10TFS.2019213.v1.4.mask.tif"
                    ],
                    "imageFormat": [
                        "image/tiff"
                    ]
                }
            ],
            "dataURL": [
                "https://huggingface.co/datasets/harshinde/hls_burn_scars/resolve/main/training/subsetted_512x512_HLS.S30.T10TFS.2019213.v1.4_merged.tif"
            ]
        },
        {
            "type": "AI_EOTrainingData",
            "id": "data_49",
            "labels": [
                {
                    "type": "AI_SceneLabel",
                    "isNegative": false,
                    "confidence": 1.0,
                    "class": "burn_scar_segmentation"
                },
                {
                    "type": "AI_PixelLabel",
                    "isNegative": false,
                    "confidence": 1.0,
                    "imageURL": [
                        "https://huggingface.co/datasets/harshinde/hls_burn_scars/resolve/main/training/subsetted_512x512_HLS.S30.T10TFT.2018213.v1.4.mask.tif"
                    ],
                    "imageFormat": [
                        "image/tiff"
                    ]
                }
            ],
            "dataURL": [
                "https://huggingface.co/datasets/harshinde/hls_burn_scars/resolve/main/training/subsetted_512x512_HLS.S30.T10TFT.2018213.v1.4_merged.tif"
            ]
        }
    ],
    "type": "AI_EOTrainingDataset",
    "amountOfTrainingData": 50,
    "classes": [
        {
            "key": "0",
            "value": "NotBurned"
        },
        {
            "key": "1",
            "value": "BurnScar"
        },
        {
            "key": "-1",
            "value": "NoData"
        }
    ],
    "createdTime": "2025-01-17",
    "numberOfClasses": 3,
    "providers": [
        "IBM-NASA Prithvi Models Family"
    ],
    "updatedTime": "2025-01-17",
    "version": "1.0.0",
    "bands": [
        {
            "name": [
                {
                    "code": "Blue"
                }
            ]
        },
        {
            "name": [
                {
                    "code": "Green"
                }
            ]
        },
        {
            "name": [
                {
                    "code": "Red"
                }
            ]
        },
        {
            "name": [
                {
                    "code": "NIR"
                }
            ]
        },
        {
            "name": [
                {
                    "code": "SW1"
                }
            ]
        },
        {
            "name": [
                {
                    "code": "SW2"
                }
            ]
        }
    ]
}
